<?xml version="1.0" encoding="UTF-8"?>
<config>
  <cassandra xmlns="http://venus.com/ns/mibs/VENUS-MODE/1.0">
    <clusterName>test-cluster</clusterName>
    <cassandraUsername>simba</cassandraUsername>
    <cassandra-Password>test1234</cassandra-Password>
    <cassandraService>Local</cassandraService>
  </cassandra>
  <monit xmlns="http://venus.com/ns/mibs/VENUS-MODE/1.0">
    <cpuUsageThreshold>70</cpuUsageThreshold>
    <cpuUsageThresholdClear>60</cpuUsageThresholdClear>
    <memoryUsageThreshold>70</memoryUsageThreshold>
    <memoryUsageThresholdClear>60</memoryUsageThresholdClear>
  </monit>
</config>
